{
    "materials":[{
        "shading":"phong",
        "colorEmissive":[0,0,0],
        "DbgName":"Material.011",
        "opacity":1,
        "transparent":false,
        "DbgColor":15658734,
        "depthTest":true,
        "depthWrite":true,
        "colorDiffuse":[0.0355633,0.0355633,0.0355633],
        "visible":true,
        "blending":"NormalBlending",
        "colorSpecular":[0.5,0.5,0.5],
        "wireframe":false,
        "DbgIndex":0,
        "specularCoef":50,
        "doubleSided":false
    }],
    "metadata":{
        "generator":"io_three",
        "faces":164,
        "materials":1,
        "type":"Geometry",
        "vertices":152,
        "version":3
    },
    "vertices":[0.0183547,3.20828,-0.982809,0.0183547,3.38919,-0.982809,0.433223,3.20828,-0.900286,0.433223,3.38919,-0.900286,0.784932,3.20828,-0.665282,0.784932,3.38919,-0.665282,1.01994,3.20828,-0.313573,1.01994,3.38919,-0.313573,1.10246,3.20828,0.101296,1.10246,3.38919,0.101295,1.01994,3.20828,0.516164,1.01994,3.38919,0.516164,0.784932,3.20828,0.867873,0.784932,3.38919,0.867873,0.433223,3.20828,1.10288,0.433223,3.38919,1.10288,0.0183548,3.20828,1.1854,0.0183548,3.38919,1.1854,-0.396514,3.20828,1.10288,-0.396514,3.38919,1.10288,-0.748223,3.20828,0.867873,-0.748223,3.38919,0.867873,-0.983227,3.20828,0.516164,-0.983227,3.38919,0.516164,-1.06575,3.20828,0.101295,-1.06575,3.38919,0.101295,-0.983227,3.20828,-0.313573,-0.983227,3.38919,-0.313573,-0.748222,3.20828,-0.665282,-0.748222,3.38919,-0.665282,-0.396514,3.20828,-0.900286,-0.396514,3.38919,-0.900286,0.433223,3.38919,-0.900286,0.0183547,3.38919,-0.982809,0.784932,3.38919,-0.665282,1.01994,3.38919,-0.313573,1.10246,3.38919,0.101295,1.01994,3.38919,0.516164,0.784932,3.38919,0.867873,0.433223,3.38919,1.10288,0.0183548,3.38919,1.1854,-0.396514,3.38919,1.10288,-0.748223,3.38919,0.867873,-0.983227,3.38919,0.516164,-1.06575,3.38919,0.101295,-0.983227,3.38919,-0.313573,-0.748222,3.38919,-0.665282,-0.396514,3.38919,-0.900286,0.387072,3.48178,-0.788867,0.0183547,3.48178,-0.862209,0.699656,3.48178,-0.580005,0.908517,3.48178,-0.267422,0.98186,3.48178,0.101295,0.908517,3.48178,0.470013,0.699656,3.48178,0.782596,0.387072,3.48178,0.991458,0.0183548,3.48178,1.0648,-0.350363,3.48178,0.991458,-0.662946,3.48178,0.782597,-0.871808,3.48178,0.470013,-0.94515,3.48178,0.101295,-0.871808,3.48178,-0.267422,-0.662946,3.48178,-0.580006,-0.350362,3.48178,-0.788867,0.353,3.56408,-0.706609,0.0183547,3.56408,-0.773174,0.636698,3.56408,-0.517048,0.826259,3.56408,-0.23335,0.892824,3.56408,0.101295,0.826259,3.56408,0.43594,0.636698,3.56408,0.719639,0.353,3.56408,0.9092,0.0183548,3.56408,0.975765,-0.31629,3.56408,0.9092,-0.599988,3.56408,0.719639,-0.78955,3.56408,0.435941,-0.856115,3.56408,0.101295,-0.78955,3.56408,-0.23335,-0.599988,3.56408,-0.517048,-0.31629,3.56408,-0.706609,0.353,3.69783,-0.706609,0.0183547,3.69783,-0.773174,0.636698,3.69783,-0.517048,0.826259,3.69783,-0.23335,0.892824,3.69783,0.101295,0.826259,3.69783,0.43594,0.636698,3.69783,0.719639,0.353,3.69783,0.9092,0.0183548,3.69783,0.975765,-0.31629,3.69783,0.9092,-0.599988,3.69783,0.719639,-0.78955,3.69783,0.435941,-0.856115,3.69783,0.101295,-0.78955,3.69783,-0.23335,-0.599988,3.69783,-0.517048,-0.31629,3.69783,-0.706609,0.312292,3.69783,-0.608333,0.0183547,3.69783,-0.666801,0.561481,3.69783,-0.44183,0.727983,3.69783,-0.192642,0.786451,3.69783,0.101295,0.727983,3.69783,0.395233,0.561481,3.69783,0.644421,0.312292,3.69783,0.810924,0.0183548,3.69783,0.869392,-0.275583,3.69783,0.810924,-0.524771,3.69783,0.644422,-0.691274,3.69783,0.395233,-0.749741,3.69783,0.101295,-0.691274,3.69783,-0.192642,-0.524771,3.69783,-0.441831,-0.275583,3.69783,-0.608333,0.312292,3.61865,-0.608333,0.0183547,3.61865,-0.666801,0.561481,3.61865,-0.44183,0.727983,3.61865,-0.192642,0.786451,3.61865,0.101295,0.727983,3.61865,0.395233,0.561481,3.61865,0.644421,0.312292,3.61865,0.810924,0.0183548,3.61865,0.869392,-0.275583,3.61865,0.810924,-0.524771,3.61865,0.644422,-0.691274,3.61865,0.395233,-0.749741,3.61865,0.101295,-0.691274,3.61865,-0.192642,-0.524771,3.61865,-0.441831,-0.275583,3.61865,-0.608333,0.0174044,3.69804,0.954475,0.20938,3.69804,0.916289,-0.174572,3.69804,0.916289,0.0174044,3.69804,0.893452,0.186028,3.69804,0.859911,-0.151219,3.69804,0.859911,0.0174044,3.69804,0.954475,0.20938,3.69804,0.916289,-0.174572,3.69804,0.916289,0.0174044,3.69804,0.893452,0.186028,3.69804,0.859911,-0.151219,3.69804,0.859911,0.0174044,3.64906,0.954475,0.20938,3.64906,0.916289,-0.174572,3.64906,0.916289,0.0174044,3.64906,0.893452,0.186028,3.64906,0.859911,-0.151219,3.64906,0.859911,0.0174044,3.61968,0.954475,0.20938,3.61968,0.916289,-0.174572,3.61968,0.916289,0.0174044,3.61968,0.893452,0.186028,3.61968,0.859911,-0.151219,3.61968,0.859911],
    "faces":[3,0,1,3,2,0,3,2,3,5,4,0,3,4,5,7,6,0,3,6,7,9,8,0,3,8,9,11,10,0,3,10,11,13,12,0,3,12,13,15,14,0,3,14,15,17,16,0,3,16,17,19,18,0,3,18,19,21,20,0,3,20,21,23,22,0,3,22,23,25,24,0,3,24,25,27,26,0,3,26,27,29,28,0,3,23,21,42,43,0,3,28,29,31,30,0,3,1,0,30,31,0,2,30,0,2,0,2,2,4,6,0,2,6,8,10,0,2,10,12,14,0,2,14,16,18,0,2,18,20,22,0,2,22,24,26,0,2,26,28,30,0,2,30,2,6,0,2,6,10,14,0,2,14,18,22,0,2,22,26,30,0,2,30,6,14,0,2,14,22,30,0,3,47,46,62,63,0,3,1,31,47,33,0,3,9,7,35,36,0,3,19,17,40,41,0,3,29,27,45,46,0,3,5,3,32,34,0,3,15,13,38,39,0,3,25,23,43,44,0,3,11,9,36,37,0,3,21,19,41,42,0,3,31,29,46,47,0,3,7,5,34,35,0,3,17,15,39,40,0,3,27,25,44,45,0,3,3,1,33,32,0,3,13,11,37,38,0,3,53,52,68,69,0,3,40,39,55,56,0,3,32,33,49,48,0,3,33,47,63,49,0,3,41,40,56,57,0,3,34,32,48,50,0,3,42,41,57,58,0,3,35,34,50,51,0,3,43,42,58,59,0,3,36,35,51,52,0,3,44,43,59,60,0,3,37,36,52,53,0,3,45,44,60,61,0,3,38,37,53,54,0,3,46,45,61,62,0,3,39,38,54,55,0,3,74,73,89,90,0,3,61,60,76,77,0,3,54,53,69,70,0,3,62,61,77,78,0,3,55,54,70,71,0,3,63,62,78,79,0,3,56,55,71,72,0,3,48,49,65,64,0,3,49,63,79,65,0,3,57,56,72,73,0,3,50,48,64,66,0,3,58,57,73,74,0,3,51,50,66,67,0,3,59,58,74,75,0,3,52,51,67,68,0,3,60,59,75,76,0,3,95,94,110,111,0,3,67,66,82,83,0,3,75,74,90,91,0,3,68,67,83,84,0,3,76,75,91,92,0,3,69,68,84,85,0,3,77,76,92,93,0,3,70,69,85,86,0,3,78,77,93,94,0,3,71,70,86,87,0,3,79,78,94,95,0,3,72,71,87,88,0,3,64,65,81,80,0,3,65,79,95,81,0,3,73,72,88,89,0,3,66,64,80,82,0,3,101,100,116,117,0,3,87,103,132,129,0,3,80,81,97,96,0,3,81,95,111,97,0,3,89,88,128,130,0,3,82,80,96,98,0,3,90,89,105,106,0,3,83,82,98,99,0,3,91,90,106,107,0,3,84,83,99,100,0,3,92,91,107,108,0,3,85,84,100,101,0,3,93,92,108,109,0,3,86,85,101,102,0,3,94,93,109,110,0,3,87,86,102,103,0,2,114,112,113,0,2,113,127,126,0,2,126,125,124,0,2,124,123,122,0,2,122,121,120,0,2,120,119,118,0,2,118,117,116,0,2,116,115,114,0,2,114,113,126,0,2,126,124,122,0,2,122,120,118,0,2,118,116,114,0,2,114,126,122,0,2,122,118,114,0,3,109,108,124,125,0,3,102,101,117,118,0,3,110,109,125,126,0,3,103,102,118,119,0,3,111,110,126,127,0,3,104,103,119,120,0,3,96,97,113,112,0,3,97,111,127,113,0,3,105,104,120,121,0,3,98,96,112,114,0,3,106,105,121,122,0,3,99,98,114,115,0,3,107,106,122,123,0,3,100,99,115,116,0,3,108,107,123,124,0,3,131,133,139,137,0,3,128,129,135,134,0,3,103,104,131,132,0,3,88,87,129,128,0,3,104,105,133,131,0,3,105,89,130,133,0,3,135,138,144,141,0,3,139,136,142,145,0,3,130,128,134,136,0,3,133,130,136,139,0,3,129,132,138,135,0,3,132,131,137,138,0,3,142,140,146,148,0,3,143,145,151,149,0,3,138,137,143,144,0,3,134,135,141,140,0,3,137,139,145,143,0,3,136,134,140,142,0,3,146,147,150,149,0,3,148,146,149,151,0,3,145,142,148,151,0,3,141,144,150,147,0,3,144,143,149,150,0,3,140,141,147,146,0]
}