{
    "metadata":{
        "generator":"io_three",
        "type":"Geometry",
        "materials":3,
        "faces":140,
        "vertices":128,
        "version":3
    },
    "vertices":[0.0206225,0.0149672,-0.63766,0.0206224,3.30562,-0.902687,0.301885,0.0149672,-0.581713,0.403306,3.30562,-0.826566,0.540327,0.0149672,-0.422391,0.727729,3.30562,-0.609794,0.699649,0.0149672,-0.183949,0.944502,3.30562,-0.28537,0.755596,0.0149672,0.0973134,1.02062,3.30562,0.0973133,0.699649,0.0149672,0.378575,0.944502,3.30562,0.479997,0.540327,0.0149672,0.617018,0.727729,3.30562,0.80442,0.301885,0.0149672,0.77634,0.403306,3.30562,1.02119,0.0206226,0.0149672,0.832287,0.0206226,3.30562,1.09731,-0.260639,0.0149672,0.77634,-0.362061,3.30562,1.02119,-0.499082,0.0149672,0.617018,-0.686484,3.30562,0.80442,-0.658404,0.0149672,0.378576,-0.903257,3.30562,0.479997,-0.714351,0.0149672,0.0973134,-0.979378,3.30562,0.0973132,-0.658404,0.0149672,-0.183949,-0.903257,3.30562,-0.28537,-0.499082,0.0149672,-0.422391,-0.686484,3.30562,-0.609794,-0.260639,0.0149672,-0.581713,-0.362061,3.30562,-0.826567,0.0206225,1.38607,-0.748088,0.0206224,2.48296,-0.83643,0.377951,2.48296,-0.765353,0.344143,1.38607,-0.683735,0.680879,2.48296,-0.562943,0.618411,1.38607,-0.500475,0.883289,2.48296,-0.260015,0.801671,1.38607,-0.226208,0.954366,2.48296,0.0973133,0.866023,1.38607,0.0973133,0.883289,2.48296,0.454641,0.801671,1.38607,0.420834,0.680879,2.48296,0.757569,0.618411,1.38607,0.695102,0.377951,2.48296,0.95998,0.344143,1.38607,0.878362,0.0206226,2.48296,1.03106,0.0206226,1.38607,0.942714,-0.336705,2.48296,0.95998,-0.302898,1.38607,0.878362,-0.639634,2.48296,0.75757,-0.577166,1.38607,0.695102,-0.842044,2.48296,0.454641,-0.760426,1.38607,0.420834,-0.913121,2.48296,0.0973132,-0.824779,1.38607,0.0973133,-0.842044,2.48296,-0.260015,-0.760426,1.38607,-0.226208,-0.639634,2.48296,-0.562943,-0.577166,1.38607,-0.500476,-0.336705,2.48296,-0.765353,-0.302898,1.38607,-0.683736,0.0206224,1.36027,-0.787863,0.0206224,2.50876,-0.880361,0.394762,2.50876,-0.80594,0.359365,1.36027,-0.720483,0.711943,2.50876,-0.594007,0.646536,1.36027,-0.528601,0.923876,2.50876,-0.276827,0.838418,1.36027,-0.241429,0.998297,2.50876,0.0973133,0.905798,1.36027,0.0973133,0.923876,2.50876,0.471453,0.838418,1.36027,0.436056,0.711943,2.50876,0.788634,0.646536,1.36027,0.723227,0.394762,2.50876,1.00057,0.359365,1.36027,0.915109,0.0206226,2.50876,1.07499,0.0206226,1.36027,0.982489,-0.353517,2.50876,1.00057,-0.31812,1.36027,0.915109,-0.670698,2.50876,0.788634,-0.605291,1.36027,0.723227,-0.882631,2.50876,0.471453,-0.797174,1.36027,0.436056,-0.957052,2.50876,0.0973132,-0.864554,1.36027,0.0973133,-0.882631,2.50876,-0.276827,-0.797173,1.36027,-0.241429,-0.670698,2.50876,-0.594007,-0.605291,1.36027,-0.528601,-0.353517,2.50876,-0.805941,-0.318119,1.36027,-0.720483,0.373559,3.30562,-0.754751,0.0206225,3.30562,-0.824954,0.672764,3.30562,-0.554828,0.872686,3.30562,-0.255623,0.94289,3.30562,0.0973133,0.872686,3.30562,0.45025,0.672764,3.30562,0.749455,0.373559,3.30562,0.949377,0.0206226,3.30562,1.01958,-0.332314,3.30562,0.949377,-0.631519,3.30562,0.749455,-0.831441,3.30562,0.45025,-0.901645,3.30562,0.0973132,-0.831441,3.30562,-0.255623,-0.631519,3.30562,-0.554828,-0.332314,3.30562,-0.754751,0.254061,0.0789862,-0.466256,0.0206225,0.0789862,-0.51269,0.45196,0.0789862,-0.334024,0.584192,0.0789862,-0.136125,0.630626,0.0789862,0.0973134,0.584192,0.0789862,0.330752,0.45196,0.0789862,0.528651,0.254061,0.0789862,0.660883,0.0206226,0.0789862,0.707317,-0.212816,0.0789862,0.660883,-0.410715,0.0789862,0.528651,-0.542947,0.0789862,0.330752,-0.589381,0.0789862,0.0973134,-0.542947,0.0789862,-0.136125,-0.410715,0.0789862,-0.334024,-0.212816,0.0789862,-0.466257],
    "materials":[{
        "colorEmissive":[0,0,0],
        "colorDiffuse":[0.8,0.8,0.8],
        "DbgIndex":0,
        "colorSpecular":[0.5,0.5,0.5],
        "wireframe":false,
        "blending":"NormalBlending",
        "transparent":false,
        "visible":true,
        "opacity":1,
        "DbgName":"Material.006",
        "DbgColor":15658734,
        "shading":"phong",
        "specularCoef":50,
        "depthWrite":true,
        "depthTest":true,
        "doubleSided":false
    },{
        "colorEmissive":[0,0,0],
        "colorDiffuse":[0.134358,0.06613,0.043632],
        "DbgIndex":2,
        "colorSpecular":[0.5,0.5,0.5],
        "wireframe":false,
        "blending":"NormalBlending",
        "transparent":false,
        "visible":true,
        "opacity":1,
        "DbgName":"Material.009",
        "DbgColor":60928,
        "shading":"phong",
        "specularCoef":50,
        "depthWrite":true,
        "depthTest":true,
        "doubleSided":false
    },{
        "colorEmissive":[0,0,0],
        "colorDiffuse":[0.402309,0.190718,0.122341],
        "DbgIndex":1,
        "colorSpecular":[0.5,0.5,0.5],
        "wireframe":false,
        "blending":"NormalBlending",
        "transparent":false,
        "visible":true,
        "opacity":1,
        "DbgName":"Material.008",
        "DbgColor":15597568,
        "shading":"phong",
        "specularCoef":50,
        "depthWrite":true,
        "depthTest":true,
        "doubleSided":false
    }],
    "faces":[3,33,1,3,34,0,3,34,3,5,36,0,3,36,5,7,38,0,3,38,7,9,40,0,3,40,9,11,42,0,3,42,11,13,44,0,3,44,13,15,46,0,3,46,15,17,48,0,3,48,17,19,50,0,3,50,19,21,52,0,3,52,21,23,54,0,3,54,23,25,56,0,3,56,25,27,58,0,3,58,27,29,60,0,3,23,21,106,107,0,3,60,29,31,62,0,3,62,31,1,33,0,2,30,0,2,0,2,2,4,6,0,2,6,8,10,0,2,10,12,14,0,2,14,16,18,0,2,18,20,22,0,2,22,24,26,0,2,26,28,30,0,2,30,2,6,0,2,6,10,14,0,2,14,18,22,0,2,22,26,30,0,2,30,6,14,0,2,14,22,30,0,3,32,0,30,63,0,3,46,48,80,78,1,3,28,61,63,30,0,3,35,32,64,67,1,3,26,59,61,28,0,3,60,62,94,92,1,3,24,57,59,26,0,3,49,47,79,81,1,3,22,55,57,24,0,3,34,36,68,66,1,3,20,53,55,22,0,3,63,61,93,95,1,3,18,51,53,20,0,3,48,50,82,80,1,3,16,49,51,18,0,3,37,35,67,69,1,3,14,47,49,16,0,3,62,33,65,94,1,3,12,45,47,14,0,3,51,49,81,83,1,3,10,43,45,12,0,3,36,38,70,68,1,3,8,41,43,10,0,3,32,63,95,64,1,3,6,39,41,8,0,3,50,52,84,82,1,3,4,37,39,6,0,3,39,37,69,71,1,3,2,35,37,4,0,3,53,51,83,85,1,3,0,32,35,2,0,3,38,40,72,70,1,3,95,94,65,64,2,3,93,92,94,95,2,3,91,90,92,93,2,3,89,88,90,91,2,3,87,86,88,89,2,3,85,84,86,87,2,3,83,82,84,85,2,3,81,80,82,83,2,3,79,78,80,81,2,3,77,76,78,79,2,3,75,74,76,77,2,3,73,72,74,75,2,3,71,70,72,73,2,3,69,68,70,71,2,3,67,66,68,69,2,3,64,65,66,67,2,3,61,59,91,93,1,3,33,34,66,65,1,3,47,45,77,79,1,3,58,60,92,90,1,3,44,46,78,76,1,3,59,57,89,91,1,3,45,43,75,77,1,3,56,58,90,88,1,3,42,44,76,74,1,3,57,55,87,89,1,3,43,41,73,75,1,3,54,56,88,86,1,3,40,42,74,72,1,3,55,53,85,87,1,3,41,39,71,73,1,3,52,54,86,84,1,3,101,100,116,117,0,3,1,31,111,97,0,3,9,7,99,100,0,3,19,17,104,105,0,3,29,27,109,110,0,3,5,3,96,98,0,3,15,13,102,103,0,3,25,23,107,108,0,3,11,9,100,101,0,3,21,19,105,106,0,3,31,29,110,111,0,3,7,5,98,99,0,3,17,15,103,104,0,3,27,25,108,109,0,3,3,1,97,96,0,3,13,11,101,102,0,2,114,112,113,0,2,113,127,126,0,2,126,125,124,0,2,124,123,122,0,2,122,121,120,0,2,120,119,118,0,2,118,117,116,0,2,116,115,114,0,2,114,113,126,0,2,126,124,122,0,2,122,120,118,0,2,118,116,114,0,2,114,126,122,0,2,122,118,114,0,3,109,108,124,125,0,3,102,101,117,118,0,3,110,109,125,126,0,3,103,102,118,119,0,3,111,110,126,127,0,3,104,103,119,120,0,3,96,97,113,112,0,3,97,111,127,113,0,3,105,104,120,121,0,3,98,96,112,114,0,3,106,105,121,122,0,3,99,98,114,115,0,3,107,106,122,123,0,3,100,99,115,116,0,3,108,107,123,124,0]
}